,thread_name,init_post
0,"Pathfinder, let's just get to the point","Is it easy? You bet and that‚Äôs the actual problem. (Inb4 developer takes this out of context.)It‚Äôs tedious just to grind the reputation. I actually like pathfinder. I like the fact you need to explore the zone, do the quests, and stuff. It makes complete and utter sense. That the fun part - reading the new story, exploring new vistas.Revered grind? Boring and tedious. Sure it‚Äôs easy, sure you can do it within a month  or two. Sure you should have it do done before part 2 comes out.But that doesn‚Äôt change the fact it‚Äôs a tedious chore in a game where a lot of the systems including artifact, sorry azerite power is also added onto this as well reputation grinds to continue the war campaign.World quests are not fun. They‚Äôre boring after a week or two and doesn‚Äôt make the game interesting. Reputation farming is a tedious chore and unless something is done to bring upon a reputation farming system that is actually engaging and fun.We will keep having this dumb discussion."
1,Are Blood Elves the most selfish race?,"At least Orcs and all can point to ‚ÄúYO it be demon blood yo we be cool now‚Äù etc etc. and Undead can say ‚ÄúYo we were bribed by the LK for free drinks if we pretended to be his meat walls‚Äù but Blood Elves are just another level.They‚Äôre the original Elves who overdosed on the Well of Eternity and are responsible for the Legion discovering Azeroth.Then they throw a tantrum when told that it‚Äôs dangerous to use Magic and move away from sensible stuff and create their own doom by overdosing again on their Sunwell.Conveniently hold back from sending a defense force when the original Alliance is being pwned by Trolls and send a small force led by Alleria. Despite having a obligation due to a treaty of sorts.Then cry loud about how it‚Äôs so unfair that no one is defending them when the Trolls decide to ‚ÄúLUL let‚Äôs now massacre these dudes instead!‚ÄùSome of them still don‚Äôt get over their addiction to magic despite all the silly stuff they‚Äôve done and manipulate a Naa‚Äôru, their leader goes to fel in his addiction.They still try to help Garrosh with the Divine Bell when some of their kind is trying to rejoin the Alliance. That‚Äôs some next level of trolling in their own face.There may be some stuff I left out but the only things which you can empathize for are: Garithos and Jaina‚Äôs attempted purge.Even Garithos seemed to have held a grudge because of said Blood Elves not defending the Alliance and his family got massacred by Trolls.Jaina was probably justified in ending their eternal stupidity of repeating the same mistakes to satisfy their own ends regardless of the other people."
2,Why all the hostility?,"So, I‚Äôve not been on the forums that long. I recently started reading and posting during lull moments at work. I agree that there is a major problem now. The hostility in the community, and Blizz apparently lack of connection with the community. Here‚Äôs looking at you, ‚ÄúDon‚Äôt you guys have phones?‚Äù That being said, yes pun intended, I realize that we are all passionate about Blizz, I‚Äôve been on the game off and on since the beginning of classic wow, but all the name calling and fighting among ourselves does no good.I am heart-broken over the direction of the game, I won‚Äôt deny that. However, I don‚Äôt believe in name calling others, trolling others, or causing a mess.TLDR: Can‚Äôt we discuss things and disagree on things civilly?? Just sayin‚Ä¶"
3,Really upset I don't get the Night Warrior look,"What is going on here. I am a night elf and I don‚Äôt get the Night Warrior look because of my CLASS?!?!? IN customization, there is a look of no blind-fold, with green glowing eyes. Some helms make my eyes dark yellow. And now I am somehow NOT a night elf because of being a DH?This is too much Blizzard. No logic, just random and uncaring.My main is a NE DH. Now I need to re-roll some other character just to enjoy the Night Warrior customization because you don‚Äôt recognize me as a Night Elf anymore? Well, in that case , I am beginning to hate you."
4,LFR Is More Fun Than Normal Raiding,"I‚Äôve been running LFR on a couple of alts for the Jaina mount and I have to say it‚Äôs been fun running them. The mechanics are still engaging and challenging enough that you have to pay attention or it could mean a wipe. There‚Äôs no stress from not maxing your performance,  you can have some fun in chat, and people are more laid back while progressing through the raid.Normal pug raiding is a headache, especially when you‚Äôre dealing with toxic raid leaders that kick anyone for sneezing. Bad groups lead to pug hopping all the time since everyone leaves after 1 wipe or raid leader doesn‚Äôt know where the problem lies so lowest dps is the first to go then we wipe again because of mechanics.Overall, I feel that LFR is superior to high difficulty raiding and I suggest you add Heroic and Normal difficulty to LFR for those of us that want to avoid the headache of the crazy group finder people.Would you use LFR to get into normal or heroic raiding?"
5,A title you get from Nazjatar needs to be changed,A title you can get is _____ of the Deeps.Doesn‚Äôt sound rightShould be1.) Of the Deep2.) Of the DepthsHardly anyone uses deeps anymore plus deep just rolls of the tongue better
6,250k plus waiting in que,I just tried to log into every realm and I added up the number of people in que‚Ä¶ Its just under 250k people in que. Unreal .
7,"Dear Blizzard, Please Fix My Bag Space","Hi Blizzard,I think it‚Äôs cool that you guys are trying to add new and exciting items to the game.  Unfortunately I‚Äôm here to report that my bags just don‚Äôt like it.  They are constantly getting full with the gear I need keep for my offspecs, consumables, and now all these crazy items I will rarely, if ever, use.  Maybe try something like making spare parts a currency? Maybe allow items to stack in higher quantities? However you do it my bags will certainly appreciate it.Sincerely,My Bags"
8,Ending subscription because,"Blizzard is proving to be extremely ignorant and not listening to the playerbase on a multitude of issues.Portal Removal: Blizzard should have kept the portals where they were and implemented a portal room not striping them away from us.Avoiding Q&amp;A questions: Devs have constantly avoided questions or showed their complete incompetence on many issues at hand such as ‚ÄúWhat is fun‚Äù, no Ion doing mythic+ on lower keystones doesn‚Äôt mean we are having fun it means we are alleviating unnecessary RNG grind for friends/guildies.Gearing: As said in the Q&amp;A more sources of gear does not mean good quality gear nor the acquisition of the gear.And many more. This is why I am ending my subscription."
9,Serious Suggestion: WoW needs a DPS-only Dungeon Queue,"Devs, players, hear me out.DPS queues often take upward of half an hour, due to the ratio of players who are willing to tank/heal versus those that are not. And I genuinely think that the closest the game can come to a solution for this is to create a new kind of dungeon queue that doesn‚Äôt require a tank or healer at all.For the sake of this conversation, lets call them  (due to the increasingly chaotic nature of a dungeon where tanks/heals are absent). They‚Äôd be available in Normal and Heroic (I‚Äôm excluding Mythic/M+ since you can‚Äôt queue for those regardless) and drop the same loot as Normal/Heroic dungeons.Upon entering the queue screen, you see a new option: Chaos Dungeons. Out of curiosity you click on it, and a large DISCLAIMER appears.‚Äú‚ÄùFrom here you actually have to click ‚ÄòYes‚Äô to advance to the queue - that way nobody can say ‚ÄúI didn‚Äôt know what I was getting into!‚ÄùThe idea is that the presence of 2 extra damage-dealers could largely compensate for the lack of control that a tank provides, but also make mechanics more relevant than ever as a dps won‚Äôt always have the means to survive the stuff a tank can withstand. So interrupts, moving, etc would still matter. And perhaps there could be buffs scattered throughout that players could pick up, like we see in Battlegrounds‚Ä¶ they could reduce damage taken, regenerate health, etc.I honestly think this kind of thing could help alleviate the stress of dps classes/specs spending so much time WAITING to do the content they‚Äôre trying to do.Thoughts?"
10,Ever Herp So Hard That You Derped?,Just used the flight master‚Äôs whistle right next to the flightmaster. Then hearthed because I forgot why I came to the zone.
11,Your Lore Tinfoil Hat Theories,"I believe that the Nightborne joined the Horde not because Tyrande rejected them or because Liadrin befriended them, but because they were interested in‚Ä¶ the Forsaken!Evidence:What about you? Do you have any Tinfoil Hat theories about WoW‚Äôs lore? "
12,Tidalcore is not a 100% drop from M+ LOL,"It‚Äôs my own fault, really. I don‚Äôt know what I expected from you Blizzard. You do so many obvious things to string people along. I don‚Äôt know why I thought this would be different. What a pain. Can we, just for once, have a system where you do x and get y? This is completely turning me off to your game."
13,We Need TBC/WotLK Server(s),Wow‚Äôs subscriptions peaked just at the end of WotLK just before Cataclysm launched.With Classic‚Äôs success there will be even more potential people that want to play TBC and WotLK again.A timeline and whether or not transfers would be allowed to a fresh server would help people decide how much time to invest in Classic.Until we know more I don‚Äôt really want to invest in more than one character. It‚Äôs far too much time to invest leveling a character that I may or may not use for years to come.
14,8.1 isn't enough,"I‚Äôve explored the content on the PTR, heard and kept up with the latest news and changes. But let‚Äôs be honest here, it‚Äôs just not enough to reinvigorate this expansion.Blizzard seems keen to double down and attempt to make the mundane - the focal of this expansion. Look at world quests - they‚Äôve added paragon rep, however, no mounts; Warfronts? New one - looks fun, but only for first time around, then let‚Äôs be honest again - you‚Äôll all afk it. New Raid? Time-gated, won‚Äôt be out on release. Heritage Armour - amazing, however only 1 hour of content to complete both Dwarf and Blood Elf. Incurssions - were actually fun, however get boring quick, and will only be used to level alts. Leveling changes, massive improvement - don‚Äôt know why they had to nerf it in the first place. War Campaign? some cool lore bits, but it‚Äôs really not going to be sweeping content. Remastered bgs? Cool, but it‚Äôs still old content. Island Expo‚Äôs, yet again people generally don‚Äôt like doing these - they‚Äôre tedious. It took nearly double the time for this patch to come out in comparison to 7.1 in Legion - only to arguably deliver less in terms of content. This is unacceptable.TLDR; This patch will not be enough to get people to stay playing - return to playing, or even have people enjoy the game.Blizzard needs to do more - change existing system, and release meaningful content that isn‚Äôt just doubling down on content people already don‚Äôt want to do."
15,I think I'm done with the game,"I played classic hardcore all the way up to Naxx.I took 10+ years off to start my own business and family.And a few months ago, I had this itch to play again.  And I couldn‚Äôt shrug it off for weeks.  And I said myself‚Ä¶ ‚Äúshould i?‚ÄùAnd then came back in BFA and became a casual player mostly.And while BFA had its moments‚Ä¶There are certainly things to be desired.I felt like I tapped into every aspect of the game (besides raiding) and nothing really thrilled me anymore.Maybe in another 10+ years Ill be back.But for now,I am content on moving on.For the Horde my friends ALWAYS."
16,"I was told to ""let the developers know on the forums"" regarding the 25m EoE drop bug","Well here I am, hopefully its the right forum.Long story short, I was farming 25m Eye of Eternity for the azure drake like I always do while looking on the wowhead mount comments, found a few comments saying they got it after switching to 10m, I did and two blue drakes dropped in 5 runs, I haven‚Äôt seen one in 588 attempts so I got immediately suspicious, after some research I found out that both mounts haven‚Äôt drop at all in the last 23000 kills, from december 2018 to July 29 2019 when they fixed it.I made a ticket as well as a bug report on july 25 to explain the situation, hopefully to get it resolved and maybe get some compensation for the 588 attempts I‚Äôve wasted.Every single blizzard representative kept ignoring the problem, explaining to me how RNG work and denying it even existed until you guys fixed it and I pointed the patch notes, the last person told me no compensation is being offered and to ‚Äúlet the developers know on the forum‚Äù if I feel something should be given. Not even a sorry for thinking you were an idiot or thanks for helping us get this fix.I‚Äôm not the type to complain or ask for compensation normally, but 588 attempts is a LOT and on top of that all my alts have been parked there for the past year preventing me from farming other mounts, I have never been disappointed that much in my WoW career to be honest, farming mounts is all I do and I feel robbed."
17,Retail vs Classic,"This entire spat over classic and retail reminds me of the franchise wars from Demolition Man. It‚Äôs absurd.I should get a badge, or a T-shirt.‚ÄúI survived the great Classic clash of 2019, and all I got was this.‚Äù"
18,"Gnomes are food, not friends","My new 3D Render!This a comission for a friend, hope you like ot! still not lvl 3 "
19,Blizzard: Do Something Different Next Expansion!,"Fact:  The current expansion, Battle for Azeroth, is not really a new expansion.  It follows exactly the pattern of the last expansion, Legion.Legion:Level to max, unlock world quests, do emissary quests, with added fun of mission board, mythic plus and raids sprinkled in.  And there are invasions.  No flight.  Months later, get flight and a new zone, with no flight in new zone and new rep to grind etc. in new zone.Battle for Azeroth:Level to max, unlock world quests, do emissary quests, with added fun of mission board, mythic plus and raids sprinkled in. And there are invasions. No Flight.  A year later you get flight, but a new zone with no flight and new rep to grind, etc. in the new zone.Sure, they added in Island expeditions and those biweekly battles, but essentially this is exactly the same as last expansion.  This ‚Äúexpansion‚Äù is really just a patch to the last expansion.Blizzard:  With the next expansion follow a new format.Please do not have us hit max level and then do exactly the same thing:  emissary, mission board, invasions, no flight, sprinkling of mythic plus and raids, then a year later get flight and a new flightless zone.Do something original.Your current formula, clearly, does not work.Come up with some new ideas and make something fresh.The players demand it.edit:  And while you are at it, add in some new lore that is not just a rehash of current lore as pointed out by breakbeat in reply number 4 below.edit:  And of course you substitute ‚ÄúAzerite‚Äù for ‚ÄúArtifact‚Äù and it is the same basic flow.  As per post 24. (Dvis)edit:  As per Knewwshooter in reply 23, it might be 8.3 (not 8.2) that the new no fly zone is added, but again, it is the same exact flow as last expansion."
20,Why does the class wheel keep turning?,"Every expansion, Blizzard seems to redefine the classes - taking and adding abilities etc. Why do this? It seem like a waste of resources to me.What I would do is find a nice sweet spot in which the majority of the people really like their classes, do my best to balance those classes, then leave it be and focus my resources into generating new content or possibly making new classes. If there is a class that people are really not liking or is underperforming, then they can consider reworking that one class.I don‚Äôt get by Blizzard needs to constantly muck around with class abilities. Does anyone here actually enjoy constantly having to relearn their class every expansion?"
21,Method just went 6/8,"Just watched the fight live, was a blast!  Last 2 percent of the second boss with only 5 players left as the berserk timer kicked in and a kite/dps ending.Yeah yeah, I know no one cares - but it was a great fight. "
22,Blizzard is not prepared,"‚Ä¶for Classic launch. Just look at how well (ha!) the stress tests have been going. Unable to connect to the server, unable to create a character, massive lag, disconnecting every few seconds. Yes, I know this is what stress tests are for. The Classic hype is real though, with everyone and their brother wanting to try it. Calling it now, launch will be worse then WoD launch."
23,Show Your Pride with New Blood Elf and Dwarf Heritage Armor,"These armor sets and Tides of Vengeance are almost here!<span class=""info-number"">0</span><span class=""info-label"">voters</span>"
24,Please Add Rationale For Patch Notes/Hotfixes,Please take a huge step towards communicating effectively and help the player base see things through your eyes by adding rationale for changes.
25,The end of an era... a sad romance story!,"Once upon a time , I once did enchanting. Me and enchanting did everything together‚Ä¶ it was my love and my life. It made me happy and feel powerful in the relationship I had with it‚Ä¶Then came the day BFA released. That was the big turning point in our relationship. He was no longer able to provide the edge and thrill I needed to continue.As blizzard added sangicells, my dear love became even more obsolete. Our love once had a tiny spark again once blizzard announced they would be adding more crafting stuff for sangicells and the newer raid mat for other professions.Then came the day I saw a new thing‚Ä¶ I started to think about cheating on my love, with a thing called leatherworking.With the new raid mats able to provide me an edge and give me a thrill, I broke up with enchanting and took leatherworking‚Ä¶I still to this day partially regret doing what I did‚Ä¶ but I know leatherworking will always be there to provide for me, when enchanting was unable to‚Ä¶I‚Äôm sorry enchanting, maybe one day you will be useful for me!"
26,Flying in wow,I cant fly in dreanor our leagon less I do path finder questsand I hate themso I want a gold option in game were I can pay like 10k for dreanor our 15k fr legionand if not I will not pay $35 for bfa and I encourage  others to do the sameif you want our money to buy  bfa then give us something in retrun for once
27,Im amazed at this patch,"With all time Blizz had to get this right and they came up with the most tedious boring repetitive rubbish in the history of wow.Man, i‚Äôd love to see their meetings and the rationale of the people who thinks this is the right way forward.I have all Sat and I just cant do it. I log on , stand in Mezzamere and wait for the inspiration that doesn‚Äôt come.  Then I log off and play Civ 5 deity and win with Spain + Freedom.Alas. So bad. So very bad‚Ä¶ /hugs"
28,Azeroth autopilot sided with saurfang,I didn‚Äôt get to choose Sylvanas. Azeroth autopilot accepted the quest automatically and skipped the decision process. I wanted to kill the traitor Saurfang.Though zappyboi talking about his lightning was funny.
29,Why should I continue to raid?,"Aside from the obvious answers like raiding with friends, as an example‚Ä¶ why should I?In the day and age where we have tools at our disposal like raidbots, simulationcraft, etc, knowing that most players will work towards their best possible stats, azerite traits, etc, and also knowing that you guys over there have the same access to information we do, then why am I scrapping drops that are quite literally 30+ item levels higher than what I have equipped? Why is it that raid armor has again, quite literally, the single worst combination of zaerite choices, yet if I get lucky on WoW‚Äôs version of kadala, I can then spend my life farming pearls and upgrading my gear?See, I main am BM hunter. Go head over to iceyveins and look at our current best in slot list compiled by the best theorycrafters in the game. Do you guys find this acceptable? All but a few pieces are upgraded benthic armor, because you‚Äôve made our raid choices so absolutely horrible. We know what works, and so do you. Why give us useless pieces? Why force us into this endless benthic nonsense?If it wasn‚Äôt because I love the people I play this game with I‚Äôd give it up, because at this point I hate the fact that I am paying for such poor, lazy design."
30,I don't believe in a BiS essence,"Just as the title says, each one has its perks, but in my opinion they all look viable for whatever role you play. I think it‚Äôs more about what you feel you need more of.Take me as an example, I have no problem generating rage, so I wouldn‚Äôt go for the essence that helps me generate rage since I‚Äôm not really rage starved at any point in time; however crit chance will help me out a lot once I‚Äôve used up my recklessness and siegebreaker, so I will take the Blood of the Enemy Essence. But I only chose Blood because I prefer to pvp more than I do pveing during my downtime, I could‚Äôve easily chosen the essence that pushes spikes that does ticking fire damage and it wouldn‚Äôt have really mattered.I think it all depends on playstyle, and I feel that people succumb to the peer pressure of others to be forced into doing content they don‚Äôt want to do. While the ordeal is more personal, I feel that people who think there is a specific BiS essence take it too seriously. My suggestion for anyone falling under this pressure is you take it easy, and play the game out the way you want to. If you don‚Äôt want to pvp, consider the alternative that best works for you."
31,"GLYPHS, we need more GLYPHSSS","Seriously, though, like why aren‚Äôt there piles of glyphs floating around when they‚Äôd be so easy to implement? I just realized how wicked awesome GW is with the Heartsbane Grimoire toy, and it‚Äôs a big-time disappointment when it doesn‚Äôt work as soon as it‚Äôs cancelled once‚Ä¶ That would be a wicked-cool glyph to have the option for‚Ä¶ But seriously, there are piles of models floating around for damn near every class and spec, we should have options for them all, why not? Roll out a pile of new glyphs, I‚Äôm positive everybody would be thrilled about them."
32,Man‚Äôari Eredar Allied Race,"Man‚Äôari Eredar should join the Horde. They have been a major part of the story and deserve continuity. They have something in common with the Horde, an enemy with their blue Kin and now those Light Bound sycophants. Plus they‚Äôre red. What could make them more perfect? If you‚Äôre concerned about them being ‚Äúhostile to everyone‚Äù, make a new faction. It‚Äôs not like they haven‚Äôt done it with everything else.The draw of the Horde in vanilla was they they were the swolliest of the swol but that hasn‚Äôt been true since TBC. With the Draenei model exclusive to the Alliance the Horde needs bigger badder barbarians. Make the Horde great again, give us Man‚Äôari Eredar. Let us be the beasts we deserve to be.Alliance got the Blood Elf model, now it‚Äôs time for them to reciprocate."
33,Big chunky muscly chest is best thing,"Greetings my loyal subjects, I‚Äôm here to remind the good people of this zoo that having a big chest bring most joy in our hungry eyes.So all players that aren‚Äôt playing a race with big meaty chest are missing out big times and should race change to the superior chest race pool.Thanks and have a good day."
34,The reason why I'm leaving this game,I have played for years on and off. This game is basically a single player game anymore. I might come back and try wow classic. But everything now can be done playing alone. Set aside some raids. Not worth the fee or the time.It will never be same as it was years ago‚Ä¶And is not worth a monthly fee.
35,Enough is enough,Blizzard how could you possibly think that void stone is even an ounce of balanced in pvp? How is it over the past year you‚Äôve clowns have managed to break pvp through 4 different trinkets?Seriously enough is enough. Stop being dumb blizzard. Blues relay this message to who ever is running yalls zoo.
36,Why do Alliance leaders never die?,Horde loses leaders left and right. Meanwhile Alliance leaders are immortal with their plot armor and deus ex machina powers.
37,Healers...ever see this?,"Ran Gnomerigan a while ago as resto shaman‚Ä¶the BEST heals in the game, in my opinion. Never seem to ever have issues when we have a shammy healer when Im tanking or running DPS.And god I love healing with it thru classic up thru MoP.Anyway, that first jump where youre supposed to grab a parachute. I know that sometimes they dont‚Ä¶they just exect the insta-heals when they flat line at the bottom.Well I didnt see any of the DPS or the tank even go near the parachute.I grabbed mine and dove off towards the big gear, as usual.By the time I landed, tankypoo was DOA, splatted flat like a squirrel under a car tire dead. One DPS was near dead and a blob musta killed him before I landed.So tank was dead on impact.One DPS was dead maybe two seconds after he hit.Third DPS was about 10% heath and the fourth was about 30% or so.This was pretty much how it was when I finally landed on the floor.And can you guess who took the blame for the two deaths and the near deaths because four players DIDNT grab a chute? "
38,My biggest hype for classic,Now first i have nothing against casuals.  Now thats out of the way.I am most excited to spend the grind time on my character and see other people who play more serious have the best of the best.  I‚Äôm excited because end game content will be able to be seen by the ones putting in work.If anyone else remember seen people in ironforge with epics like damn this dude must be good. Or knowing good tanks on the server because how well they did in groups.This is why i‚Äôm excited for the game.  Honestly the free loot got old for me.
39,Hey blizzard why not charge for xmogs in store like you do mounts people will by them,the title say it all if the was a cool sword xmog in the store id buy it.maybe its time for blizzard to sell in game xmogs in the store before anyone cries they got mounts in the store.you know people would by cosmetic items in the store blizzard.
40,Alliance Players Can Be High Elves Today,"Because of Volunteer Guard Day, Alliance players can go to Dalaran-Northrend and /salute the Silver Covenant Guardian Mages to become High Elves."
41,Really tired of being Lied to by Blizzard,"Stop going before your customers and saying shards where horde dominate 20 to 1 are rare. if they‚Äôre so rare, why is it that I never seem to find myself in one that isn‚Äôt? I want to see you shunting excess horde into empty shards because it‚Äôs the only thing you can actually do to fix this problem. don‚Äôt give me anymore of this BS of ‚Äòoh horde shards are uncommon‚Äô or ‚Äòoh more horde do wm then alliance‚Äô I literally don‚Äôt care. You have an extremely simple and easy solution to this problem, it‚Äôs time to ACT on it."
42,Why Doesnt WoW Have Cyrodiil?,"SO I just tried out ESO for the first time‚Ä¶ It has Cyrodiil. Cyrodiil is what WoW is missing in the PvP department‚Ä¶ WHy doesnt blizzard make their own version of this? a ever changing, complex, pvp/pve area that involves sieging bases, knocking down castle walls, and claiming territory? It would bring a lot of the PvP players back that left retail for its lack of engaging pvp! (oh and give us back pvp vendors!!)"
43,Zandalari and Kul Tirans pushed back even further?,"First it was supposed to be sometime after launch.Then after the first content patch.Then 8.1.5, and all you needed was exalted with their respective reps, according to what Ion said in one of the Q&amp;As.Now it‚Äôs 8.1.5, Tides of Vengeance war campaign, all questing zones completed for the respective factions, scenarios (for Horde it‚Äôs Blood Gate and Zandalar Forever).And if you‚Äôre not a raider, you‚Äôll have to wait 'til LFR wings open up, as they‚Äôre needed for the final step of the war campaign, so that‚Äôs yet another pushback."
44,WoW built and carried the MMO market on its shoulders,"I see people citing WoW‚Äôs decline with excuses such as that the MMO market isn‚Äôt there anymore. It wasn‚Äôt there pre-WoW. What did people have pre-WoW; everquest? starwars galaxies? They didn‚Äôt hold a candle to what WoW became, not even close. If WoW hadn‚Äôt come along, the MMO market would‚Äôve just been assumed to be that small. It would‚Äôve been laughable to think there was a subscription MMO that could reach 12 million subs, because it was so unprecedented and so far from the norm. The only reason we know now that those numbers were ever possible is because WoW made it that way, and it wasn‚Äôt because there was some MMO market out there in the ether, it was that WoW was just that good that it built the market. It had a strong community that kept people coming back for. It had incentives for improving your character and improving yourself as a player.WoW doesn‚Äôt have what it had anymore, so the market it built is dwindling, although FF14 has been doing a decent job at stepping up. Right now, I believe WoW is simply piggybacking off the success of its previous iterations. If modern WoW‚Äôs model existed in 2008, I wouldn‚Äôt pretend it would reach the peaks it did.At the end of the day, WoW just isn‚Äôt really a game that bolsters a loyal fanbase anymore. It could be, but it isn‚Äôt."
45,We don‚Äôt need more classes,We really don‚Äôt.  There‚Äôs already too many classes in wow that do the same thing.You can‚Äôt keeo taking away stuff from specs to make new classes and thing you‚Äôll be able to keep the game balanced.
46,Tauren only meeting,With Baine locked up I say we should go to Disney world until BFA is over. The Tauren no longer have a place in the Horde so we might as well enjoy our time off right now.
47,Hey! Where's my purple Lightforged Heritage Armor?!,C‚Äômon! We‚Äôve been waiting for these colorations! I want my Lightforged to look pretty in purple! 
48,_______ is Why People Are Leaving,"I see a lot of these topics.  RNG.  Class design.  This.  That.  The other thing.Truth is, I think, most of us would stay and pay and play if it was REALLY just one issue.  If it was just one big problem but everything else was awesome, most people would be able to find fun in the game.This development team has been wrecking WoW piece by piece for three expansions.  If Blizzard wants to save their flagship game, and the legacy and goodwill attached to it, they truly need to transfer this team to some other project and bring in developers who understand the whole MMORPG experience.  Not just endgame but the whole game.My two cents.  I just think it‚Äôs important to say that it really isn‚Äôt one problem driving people away.  It‚Äôs three expansions full of dumb decisions that have led us to this mess."
49,Night Elves are Entitled Edgelords,"They‚Äôre entitled, They‚Äôre generic dull blueberries, The Females are ugly, Tyrande is boring Mary Sue Poppins who is a jerk to Manduin, Their Night Warrior Eyes are ununique plus creepy, They have no White Skin nor Human Options in general, They ruined Alliance Identity of Pure Elves, plus stole the Thalassian Druids from Warcraft 2.I‚Äôm glad Nightborne are killing them. They probably should have been an Alliance race if Tyrande wasn‚Äôt being racist and entitled. I will blame them if they ruin any chance of original skin elf race into the faction as well. I hope Blizzard removes Night Elves off the Alliance Faction so that Alliance can finally have True Identity as Humans, Dwarves, Gnomes, and Pure White Elves than Blueberries, Grey Dwarves and other edgy entitled stuff."
50,I thought this was an MMO?,"No seriously, I don‚Äô know about you guys but I just sat in my factions main city for an hour and didn‚Äôt see a single soul. The Massively Multiplayer aspect of WoW appears to be broken or to have been changed to Single Player Online.PS I‚Äôm not paying you 1k US$ to fix what you broke blizzard. Even if I could. I‚Äôm sorry it happened yes. But it is not my fault you made so much money in the past. Apparently you‚Äôre not concerned with continued income? This is going to make so many people quit if they did not already."
51,Rares Dying Too Fast,"People are killing rares as soon as they spawn. They are being extremely selfish. Blizzard, please make it so we can‚Äôt interact with the rares for 45 secs after they spawn."
52,Elixir of Tongues mostly being used for harassment in WPVP,I‚Äôm not sure how Blizzard thought adding this item and not disabling it in War Mode was a good thing. People are mostly using it to scream expletives and harass players of the opposite faction in PvP.
53,Blizz please start on the PreExpansion Event,"BFA‚Äôs pre expansion event was pretty forgettable.    I actually had to ask someone what it was to remember it.   The entire thing felt phoned in at the last minute and it set the tone for the rest of the expansion.    You can do better,  so do better."
54,Mythic Mechagon,"gotta be frank this Mythic only mechagon BS is just that BS. thought the same during legion with mythic Acrway (think that was it) but it didnt have 2 recipes in that were must have stuff. and this :know the fight or your bad"" crap aint helping.not everyone on this game (and its just a GAME not a life) can play 20~40 hours a week to be up to the elitist standards that is being forced on us now."
55,Biggest navy destroyed by a small group of ally,nice writing btw.
56,When will Blizz bend the knee?,My prediction for when Blizz bends the knee and starts to listen to player feedback is this coming Tuesday.But any other guesses are welcome!
57,Blizzard Patch Surprises: Let's Guess!,"Well, the patch is at hand.  And we have all read the patch notes.   Yes, they have announced they  are taking away are portals and other fun things.  But the real question is what kind of secret, tricksy, un-announced things they will do on the patch.My guesses?Mess up Pet Battles some more: They totally destroyed Pet Leveling last patch, so maybe they will Nerf our favorite pets.  (Hide your Iron Starlet‚Äôs and Direbeak Hatchlings!)Secret Nerfs: Maybe they will take away some favorite (remaining) ability.  (Hide your spellbooks and totems!)Mess with old world stuff.  I spend more time doing things in old content than new anymore.  It‚Äôs Fun.  Uh-Oh.  I said the F Word!  Blizzard‚Äôs fun detectors have been set off by old world content.  Certainly they will mess with it-and of course not tell us.Every patch comes with lots of unannounced  surprises!What are your guesses for the unannounced surprises of the patch?"
58,Classic wow will fail,Because BE are not a playable races.
59,Current Opinion on WoW,"As a player since vanilla I currently find it hard to enjoy my time playing WoW, I‚Äôm not making this post to complain. I‚Äôm making this post to see if anyone else is feeling this way as well as i can‚Äôt be the only one, and if so what new games are you guys playing? I don‚Äôt think its worth wasting my time literally trying my hardest to like a game rather then just enjoying it by playing it. It‚Äôs just unfortunate that the game went down this path in my opinion. "
60,Let‚Äôs Talk About the Night Elf Problem: When Trauma is Used as a Narrative Crutch,"Author‚Äôs Note: I apologize in advance for the length of this post, but I tend to get a bit wordy when I‚Äôm feeling contemplative. If you just want to skip ahead to the discussion about the burning of Teldrassil, scroll down to the bolded text that reads ‚ÄúAnd here‚Äôs the part where you might be interested.‚Äù The rest is mainly context related to Night Elf lore as a whole.Thank you!‚Äî‚Äî‚Äî‚ÄîSo, it‚Äôs a beautiful day outside. Sun is shining, birds are singing, and my pupper sits by my side as I lounge about on my porch. So, I figure it‚Äôs a perfect time to talk about some WoW. I mean, when  it a good time to talk about some WoW?So let‚Äôs talk about one of my favorite races, and one of the most controversial pieces of BFA‚Äôs overall narrative; the Night Elves.Now, as an avid WC3 player I‚Äôve always been in love with this race. The cross between the wood elf and amazonian aesthetics with a dash of celtic druidic folklore made the night elves one of the most enigmatic yet enthralling races to play as.Since then, the Night Elf aesthetic has been more than a little neutered. They no longer use their home field advantage to its fullest potential, sit back feebly and watch as the Horde carves its insignia into the region of Azshara, and when they do get attention, namely in Cataclysm, it is typically centered around their new druid lore, which has been so defanged that the focus has shifted away from levying the savage powers of the wilds against the enemies of nature and more towards preserving the Emerald Dream, which is by far one of the weakest aspects of WoW‚Äôs overall lore. For inexplicable reasons, these same druids, originally only the night elves, saw fit to teach their crafts to Horde races, and they did so under the guidance of Malfurion himself.It‚Äôs no wonder why the Night Elves have historically been unfavorably compared to the Blood Elves. There is something innately romantic, and heroic, about a race that pulls itself up from its own bootstraps to reclaim a kingdom that was stolen from them by the literal army of the dead. They are impacted by a magical addiction that defines their very biology, and the means of satiating this addiction is scorned by many around them, yet they forge their own path in the world regardless. Eager to take up arms to defend their home and often first into the fray when danger strikes, even when that danger comes from its own former leaders, Blood Elven heroism is not something that has ever been in short supply.So what was the solution to shake the Night Elves from the dreariness of their past lore and bring them up to snuff with the Blood Elves?Well, Legion was a good start at least in that it focused on expanding the more interesting aspects of Night Elven culture. The wardens are innately interesting in that they‚Äôre a militaristic police force that should clash with the theocratic nature of night elf society, and in many ways they do, but in many ways they are necessitated by it. Similarly, the demon hunters are outcasts who do what they believe the rest of their people are incapable of doing to achieve victory, and yes, while we still got the dreaded aesthetically-pleasing yet druid-obsessed Val‚Äôsharah, it was at least tempered by the Warden and Demon Hunter prominence elsewhere in Legion‚Äôs narrative. And then we arrive at Suramar, a perfectly-preserved snapshot of what the Night Elves used to be when they were at the height of aristocratic prominence. Regardless of one‚Äôs feelings with the ultimate political allegiance of the Nightborne, they, along with the demon hunters and wardens, were part of spectacular world building that expanded on the best aspects of what makes a night elf a night elf.Legion made night elf lore interesting again. So how would Battle for Azeroth continue the trend?Initially, I welcomed the Night Elf story beats in BFA with open arms. I can‚Äôt say I cared much for the implications of Darnassus in lore, but  burning it to the ground at least necessitated that Night Elves play some part in the faction war storyline of BFA. Given the Night Elves‚Äô lackluster participation record prior to Legion, any kind of night elf exposure was good exposure. This culminated in the Darkshore warfront, where the night elves take center stage and we get to see how an almost-exclusively night elf army (with some Gilnean support) would look like in WoW. Archers, huntresses, glaive throwers, dryads, chimaeras; basically everything I loved about them in WC3 was recreated before my eyes, and it was glorious. At one point, I was ready to argue that Legion and BFA did more for Night Elf lore than any other expansion in WoW history. Perhaps in some ways this is true, but now we‚Äôre at the point where the writers say ‚Äúmission accomplished, Night Elves got their revenge,‚Äù and the players say ‚Äúnuh-uh!‚ÄùAnd of course, this was the natural outcome of the modern Night Elf story. BFA could not continue the path that Legion began, so in order to keep the Night Elves in the limelight they resorted to one of the most tired of narrative tropes; the nuclear ‚Äútrauma‚Äù button.Narrative trauma is perhaps one of the biggest crutches whenever a writer needs to kickstart the plot or make a character suddenly become interesting. For instance, when an inexperienced writer wants to feature an action-adventure heroine but forgets to give her a personality, it isn‚Äôt uncommon for said writer to throw her into the plot by means of a traumatic incident; typically by having her suffer at the hands of malicious men. Now, tropes are not inherently to be avoided, but when mishandled what you get is a paper-thin 1-dimensional character.Ironically, it‚Äôs a mistake WoW has already made with two prominent women; Maiev Shadowsong and Jaina Proudmoore. Maiev up to and including Burning Crusade is only ever fixated on capturing ‚Äúthe one who got away‚Äù Illidan Stormrage, and the rage she feels for him dictates her entire character. Even she acknowledges that, once she finally kills him, ‚ÄúI feel nothing, I am nothing.‚Äù Where does she go from there? Well, Wolfheart decides to make her displace her rage onto the rest of the Night Elf people and turn her into a domestic terrorist hell-bent on genocide, and damn anyone and everyone who gets in her way!The other example is Jaina Proudmoore, who after the bombing of Theramore feels nothing but hatred for the Horde and can only ever talk about dismantling it. Despite Christie Golden‚Äôs efforts in the supplementary novels to make Jaina more nuanced in her emotions, the in-game representation of her only ever came across as a one-dimensional warmonger. This fortunately changed when Golden was brought onto WoW‚Äôs writing team and Jaina was rehabilitated so that she turned her trauma into an opportunity to find healing and grow from the experience.Seriously. Want an example of when trauma is used well outside of WoW? Go watch John Wick. John is gifted a dog by his wife who dies of an unspecified illness, only for said dog to be killed by the son of a local crime lord. John goes on a path of vengeance to kill the son and avenge the dog, as expected, but in doing so he enters a world of assassins he walked away from years ago, a world he never wanted to return to. The antagonist is not the son, but rather the father, who knows John‚Äôs reputation well as an analogue of the boogeyman, and while he has to do everything in his power to protect his son, he also never wanted to incur the wrath of John Wick and has a perverse sort of sympathy for him being dragged away from his life of relative peace. The world John navigates is interesting on its own, but so too are his reactions and interactions with said world‚Äôs moving bits.The biggest crime committed by the Teldrassil incident isn‚Äôt that it was poorly thought out, it‚Äôs that it‚Äôs also derivative. In a plotline already heavily influenced by Garrosh Hellscream‚Äôs turn as warchief, the Burning of Teldrassil has more than a few similarities to the Scourging of Quel‚Äôthalas. Of course, the difference is that the Scourging of Quel‚Äôthalas was amazing writing. The Blood Elves regrouped and redefined their entire society because of it, and their worldview shifted appropriately. They did not become one-dimensional seekers of vengeance, but their every action is done with an eye glancing backwards at their history.But with the Night Elves the question on everyone‚Äôs mind is ‚Äúwhen will they get their vengeance?‚Äù And of course that‚Äôs the only question, because the Burning of Teldrassil hasn‚Äôt been written to facilitate any other question. It‚Äôs not a call for Night Elven social reform, it isn‚Äôt a dark chapter in a Night Elven story with a clearly defined goal, it‚Äôs just something bad that happened that must be avenged. And now certain Night Elven players are so venomous that they express dissatisfaction that Sylvanas kill-stole Lordaeron, or that the Humans led the charge, or that the night elves didn‚Äôt outright kill Nathanos, or that the Night Elves didn‚Äôt just raze Orgrimmar in response.It won‚Äôt. It will just be an expected outcome for an inciting event meant to cause drama more than actual character development. And Tyrande gaining a new power level does not equate to character development, let‚Äôs just deal with that here and now. Changing a character‚Äôs level from 120 to skull face does not suddenly make them interesting.The question Night Elf players should be asking isn‚Äôt ‚Äúwhen will we avenge Teldrassil?‚Äù It‚Äôs ‚Äúhow will what happened to Teldrassil make us better?‚Äù And it‚Äôs no wonder there isn‚Äôt any Night Elf content planned for patch 8.2, because Teldrassil wasn‚Äôt ever intended to have long-reaching narrative consequences. It‚Äôs just short-term drama designed to achieve short-term relevance, and that relevance began to die for me once I completed my hundredth run of the Darkshore warfront.And  is the problem with using trauma as a narrative crutch. It serves the moment, but never the story."
61,Forums are too negative lately,My friend and I were talking and he brought up a good point.I think these forums need more positivity we‚Äôre all having fun playing this game why is everyone always complaining about it? If it was so bad why are we all still playing it.Try to remember Blizzard made this game we love and show them some love too
62,"Losing paid time, time gating and class prune",I think this is the last straw from Thralls farm for this orc.Time to check out a new game until next expansion.CheersPs buy your own stuff
63,Orgrim vs Lothar! 3D Render!,"Orgrim Doomhammer vs Anduin Lothar. Years 2 after the opening of the Dark Portal.Colorized.So, i made a new Render! this time based on a legendary lore combat-So, the issue here is that Doomhammer doesnt have his armor, so i made a custom one, with some tweaks, try to resamble the Orgrim for the Warcraft movie.Blizzard never did a full HD armor Doomhammer for WoD "
64,End Faction wars,Stopüëètheüëèhateüëèletüëèloveüëècreatee    
65,"Something has spooked one of de brutosaurs, sending it into a panic",Dis chaos is de last thing de city needs.  Help de merchents by rescuing de cargo before you get stomped on!
66,Light Forged: So boring,"Darlings, I really want to like the light forged but they are boring!!  Limited customization I can deal with  &lt; sips a little   &gt; but the female jokes and /flirt are just not that funny. For the amount of grind I wonder if they were worth it.Are my darlings at blizzard going to add anything to them later on?"
67,The biggest Tauren problem is not even Baine,"It‚Äôs the fact that Baine is only important tauren. From that you can only see that race of long time nomads have NO ambitions at all. No one opposes Baine, no one wants to bring glory to taurens, every cow is just extra pacified.  Like a domesticated cow.Taurens wouldn‚Äôt survived if they were like this in wc3 time."
68,Dear Blizzard: Create an LFG for Mythic 0,"Create a Mythic 0 LFG to make it easier to get into baseline mythics, just to at least get quests done and to experience content.Also, if a M0 LFG group works well, allow them to option to remain as a regular group outside of LFG to do more, higher-keyed Mythics if they so choose.Thank you for coming to my TED talk."
69,Suggestion: Allow us to upgrade our Flight Master's whistle to use in the old world,"Basically title.Allow us to use our whistle and upgrade it to be used in the old world.It is a very useful item, and would be great to use when farming or when our Hearth is on CD.Also, maybe introduce an heirloom whistle that we can use while leveling new characters.This could cut down on travel time and make leveling an even more smooth experience.Here are my ideas:Honestly this is a small change that I feel could have a large impact.Blizzard please &lt;3edited to add in ideas for unlock/implementation"
70,Account off,Pathfinder is a total joke.
71,Bobby kotick doesn't want to make fun games?0,So an article came out today that Bobby kotick came out and straight up said they don‚Äôt want to make fun games anymore. I want to include the link but the forums won‚Äôt let me which is total crap. I think I‚Äôm just about done with activision if this is remotely true.Edit: this is weird my title looks in all caps but I didn‚Äôt type it in that way.
72,Demon Hunter Love Thread :smiling_imp:,Now if only the Illidari were weren‚Äôt so nitpicky about their height requirements I‚Äôd love them even more. Nothing like a bit of fel magic in morning to make your hair look absolutely fabulous!
73,No Motivation for HoA Skills,"It hit me earlier today when I was wondering what the upgraded animation of some of the abilities you get with the Heart of Azeroth would look like at max level.Come 9.0, those abilities are more or less just‚Ä¶ gone. We‚Äôre not keeping them. (Speculation, mind you, but the track record lends support)I now have no motivation at all to even level them to upgrade them to be more effective. Maybe there will be a little achievement for getting one to it‚Äôs highest rank but‚Ä¶ I just can‚Äôt be bothered to put in the effort to improve something that‚Äôll be gone in a year or so.Anyone else feeling like this?"
74,Elf Only Thread. Come say hi!,"Blue or Red, any elf is welcomed here. Feel free to discuss our current plans for world domination or just how unfair it is how amazing we look in transmog compared to the‚Ä¶lesser races."
75,I hope we lose at the end of this expansion,"Think about it guys‚Ä¶it would be a really good twist for the story.You‚Äôre in the raid, smashing Azshara‚Äôs face in with a giant piece of steel, and suddenly, right on the cusp of victory.You fail.It was all a trick, a trap, empowering you was nothing but entertainment. To watch you flail in defiance, only to be broken.Next patch kicks in, and Azeroth is on the verge of death.  The black empire has newly arisen, and the land is suffering corruption everywhere.  All that you once loved and held dear is either dead, or enslaved and you are part of a small segment left trying to survive.  Not win‚Ä¶survive.The pantheon is gone, the world is seeing its doom on the horizon.SUDDENLY,  MALFURION COMES OUT OF NOWHERE (screw you Tyrande).He slaps Azshara so hard she turns into a squid, then he fries Nzoth to make some delicious fried octopus.The world is saved, the night elves stab Sylvanas in the face, then Nathanos, I want to see him suffer, and then accidentally burn down another one of their trees.  You know‚Ä¶because night elves can‚Äôt go more than half a patch without something happening to their damn trees."
76,Personal loot doesn‚Äôt really feel like ‚Äúpersonal‚Äù loot,"Yes, another thread about this ridiculous system. This isn‚Äôt about bringing ML back but about improving PL.I thought PL was suppose to give you more control over what gear you keep and give away but every time I want to give away an item that‚Äôs a small 5 ilvl upgrade for me but huge for someone else, the game tells me I can‚Äôt do that. The game dictates what I can and can‚Äôt give away. Why? If this restriction was removed, people can still keep whatever they want but they can at least give away anything they don‚Äôt regardless of ilvl.My guild always trades around gear that would benefit the raid the most. If I have a ring that‚Äôs 370 with BiS stats and I get a 390 with worst stats that ends up being a tiny upgrade for me but someone else‚Äôs BiS id rather give it to that person.This goes for pugs too. I‚Äôve been in many where I‚Äôve tried to trade gear that‚Äôs an ilvl upgrade and small % upgrade for me but a huge upgrade for someone else yet I‚Äôm not allowed. The game tells me I can‚Äôt.Personal loot honestly feels more restrictive than ML. I don‚Äôt care if ML comes back or not but why is a system that‚Äôs called personal loot so restrictive? It feels horrible getting a super small upgrade that I can‚Äôt give away when it‚Äôs huge for someone else. It doesn‚Äôt feel like this gear is -mine- at all."
77,Players vs Developers,"The statement ‚Äúit‚Äôs Blizzard game they can do what they want‚Äù is so obtuse it‚Äôs become a meme. Of course it‚Äôs their game!BUT when they decide to keep implementing  content that players are so adamantly AGAINST, anyway, it‚Äôs come to the point that said players quit!Not JUST your random kids but also top name streamers and YouTube channels as well.It‚Äôs come to the point I ask myself if the players know what‚Äôs better for the game more than the developers.The developers ‚ÄúHEAR us but the just don‚Äôt LISTEN‚Äù.And I really think that‚Äôs the main issue these days. This next major patch is really going to (make or break) this expansion for alot of players. I hope Blizzard follows through."
78,Its time to take the restrictions off of fun transmogs Blizz!,"For years now Blizzard has added fun cosmetic items into the game, yet they‚Äôre always overly restricted so we don‚Äôt have too much fun. Here is an example of a fun cosmetic items that has really dumb restrictions tied to it This item has a restriction which only makes it transmoggable during Hallow‚Äôs End, and yet‚Ä¶Has the exact same model and IS transmoggable all year around.I just don‚Äôt get it, we have many fun items that ARENT tied to dumb restrictions, like the Stinkrot Smasher and the Nobleman‚Äôs/Noblewoman‚Äôs sets from DMF. So why do TONS of amazing and fun items have restrictions tied to them or are simply not transmoggable at all?Below is a list of many fun items that I as well as many others would LOVE to use in their transmogs but cant due to restrictions.Lord Walden‚Äôs Top HatAll Noblegarden CircletsNoblegarden Egg BasketSpring RobesBlack Tuxedo PantsWhite Tuxedo ShirtAll Hallow‚Äôs End witch hatsForever Lovely RoseVile Fumigator‚Äôs MaskBouquet of Red RosesAll Daggers with a broken bottle appearanceAll Lunar Festival dressesAll Lunar Festival suitsAll Lunar Festival flower crownsBronze Tinted SunglassesRhinestone GlassesAll Winter Veil outfitsWhole Fire Festival setFrying panHigh society Top HatAll monocles except for one (Chief Architect‚Äôs Monocle)I‚Äôm sure I have missed many more fun items that have the exact same restrictions as the ones listed above, but I cant remember them all lol.Back on the old forums I made a topic called ‚ÄúPlease let us mog the amber shades all year around‚Äù or something like that, and it got tons of attention and love, so clearly transmogging matters to the players. I would post a link to that old forum topic but I don‚Äôt think the old forums even exist anymore Edit: This is the thread  Thanks to Nillah for finding it!Anyway, I don‚Äôt know why I made this thread‚Ä¶ I probably spent too much time into it even though It will probably get buried under all the other threads. But I just wanted to say that I am tired of fun things getting restricted because ‚ÄúNo fun allowed‚Äù Let us have fun Blizzard! games are meant to be fun! "
79,6 Months Was Long Enough,"BFA released 7 months ago. I‚Äôve experienced the content in all BfA zones, participated in Island Expeditions, LFR‚Äôs, dungeons, WPvP, Faction Assaults, etc‚Ä¶ and I feel flight is long overdue. I‚Äôd rather stay immersed while flying my character, than using a whistle or ‚Äútaxi‚Äù. If I could fly, I‚Äôd play more often by adding in profession gathering. I‚Äôm just burned out on gathering on this toon because I‚Äôve been doing it for 7 months on other toons, by ground.I‚Äôm tired of running on my ‚Äúflying‚Äù mounts. This wait is ridiculous."
80,Request: More Death Animations Please,"Can you please just add death animations that are unique to whatever killed you?  I mean when I kill you with a frostbolt I want you to freeze.  Or an ice lance, i want to see your frozen body shatter.  Every major ability or effect on my bar should have a unique animation.  I think we can all agree that when I land my fatal Hammer of Justice or Starfall for the KB that you‚Äôre going out in style.  Divert some of your resources away from making new mounts and give me some Kill Animation Glyphs or something kthx/signed"
81,What Would be the Most Jump-the-Shark Way to End BFA?,"Here is my submission.After the defeat of Azshara the Horde and the Alliance work feverishly to fortify Thunder Bluff in patch 8.2.5. As they are working they see a figure in the distance. Tall, lithe, four-legged, antlers three times the size of its head.With an insidious laugh he announces your doom. For he is Davidius Doehoof, Deliverer of the Deerforged. Yes, it turns out that when Tyrande empowered the night elves she accidentally got an innocent deer caught up in the ritual.‚ÄúOops,‚Äù says Tyrande. But she doesn‚Äôt really care and just goes back to attempting to punch Nathanos in the face. And failing.His eyes were opened that day to the glory of Elune. He has tried repeatedly to share his pamphlets to the denizens of Thunder Bluff but they have always turned him away.No longer.Now Davidius Doehoof, Deliverer of the Deerforged will  Thunder Bluff to know the glory of his religion. So the Horde and the Alliance team up to take him down in the plains of Mulgore.The battle lasts all of two minutes. It turns out Davidius Doehoof, Deliverer of the Deerforged wasn‚Äôt given many actual powers beyond being able to sparkle. But no matter. Davidius Doehoof, Deliverer of the Deerforged, has already completed his insidious ritual with his dying breath.The Horde and the Alliance turn towards the sky and see that the moon now bears the grinning malicious face of Elune. And every second that passes she gets closer. Closer. Closer‚Ä¶Yeah. Like Majora‚Äôs Mask.Magni Bronzebeard rips off his beard and screams into his dwarven ale.‚ÄúNow look what ye done, ye stupids! Ye been fighting each other so long that now the moon wants to kill ye. The blasted moon! How in the hell are we supposed to fight the moon?!?‚ÄùBut wait! You hear and smell the burning of jet fuel. A rocketship lands before you! The doors slowly crank open and a walkway stretches outwards. You hear a growl as a large, scaly creature stomps out.It is Subject Nine! She has come to finally repay the debt she has owed to you ever since you freed her people.‚ÄúLooks like it‚Äôs time‚Ä¶‚Äù She says as she puts on some sunglasses, ""for the velocirapture‚Ä¶*And then Subject Nine takes all the Horde and Alliance‚Äôs champions in her spaceship and flies them into the moon. 8.3 takes place as a journey to the center of the moon in an effort to just blow the sucker up. They succeed and everyone starts hating Tyrande for invoking ancient powers from an unknown entity that almost destroyed the entire world.Meanwhile, in Orgrimmar, Sylvanas wipes her brow in relief that everyone hates Tyrande now and have completely forgotten about Sylvanas. After all, Sylvanas didn‚Äôt really have any plans to win this war; she was just biding time until something big and random happened to divert everyone‚Äôs attention.Sylvanas and Saurfang make friendship bracelets as a sign of their forgiveness and Tyrande is exiled from society.And that‚Äôs how BFA ends."
82,"Bon Appetit, subs","So you know how you goto a real fancy (expensive restaurant) that supposedly has the best food ever.All the chief does is make the same greasy food you get at the local pub but makes it smaller.  The thought is if you eat it all it was that good!You decide at dinner that your $50 chicken tender, is better than the chicken tenders you get at Hardee‚Äôs for much cheaper.Meet your chef, Blizzard/Activision!  And their specialty, time-gated content!"
83,Gul'dan Was From The Flowerpicker Clan,"According to Gul‚Äôdan‚Äôs ‚ÄúHarbingers‚Äù video, no one living has ever heard of the village of his birth.Gul‚Äôdan‚Äôs flashbacks also show the village was located on a desert, likely Gorgrond.Meanwhile, the Flowerpicker Clan is an Orcish Clan that was only named in the WC2 files and never mentioned in-game or in any lore books.Since they are never mentioned, the Flowerpicker clan is a clan that no one in-universe has ever heard of.Now, considering the fact that Gorgrond is home to Draenor‚Äôs most dangerous and  flowers and flower people, that‚Äôs the most likely location of an Orcish Clan named after picking flowers.So it makes sense that Gul‚Äôdan‚Äôs clan is actually the Flowerpicker Clan."
84,Kul'tiran unlock chain is absolutely terrible,"It basically consists of a ton of pointless fetch quests, and flying back and forth over and over again all across Kul‚Äôtiras to talk to pointless people.  This looks like it took about 0 dev time, weee."
85,Wrathion is hot,"His face is gorgeous. Frankly he‚Äôs just perfectly my type - he‚Äôs got chiseled cheekbones and a smoldering glare that would melt me into a puddle. Just the right amount of well trimmed facial hair, and a messed mane that gives him this confidant and rugged look. That man oozes confidence and surety, and then there‚Äôs his body. Of course we can‚Äôt see much, but it leaves much to the imagination. Though, we do know he‚Äôs got quite the posterior.I‚Äôm thinking arms like steel cords, a chest that would have inspired Michelangelo, with rippling abs and prominent hip muscles. Sculpted thighs that could trap your head between them (judging from his combat animations, he wouldn‚Äôt have any trouble with that,) and I doubt he‚Äôs lacking in any department.He‚Äôs like, perfect Goshdarnit. Blizzard needs to either stop making beautiful men or make more of them because I  get enough of them."
86,Rogues didn‚Äôt have to be nerfed,They weren‚Äôt broken. Other Specs were just outdated and have to be buffed / modify to be able to excel in m+Blizzard doesn‚Äôt even play their own game and they have no idea what they are doing.
87,Alliance Hall of Shame,Horde 100 guilds defeated JainaAlliance 15 guilds  
88,Don't buy the new Siltwing Albatross mount. It vanishes,"Just bought the mount with the coins I‚Äôve been saving the past several weeks. 1000 doubloons straight down the toilet. Using the mount consumes it but doesn‚Äôt mark as ‚Äúlearned‚Äù in the vendor‚Äôs UI or appear in the mount journal.Thanks for testing your crap, Blizz.I‚Äôd be careful with the new seahorse mount too. I don‚Äôt have any coins left to verify if its bugged or not but I wouldn‚Äôt take my chances."
89,Blizzcon this year will be ..... interesting,I can‚Äôt even imagine what Blizzcon will be like this year with the way the communities are feeling right now.If 8.2 (which I have to imagine will be out by then) bombs then the WoW panels will be ‚Ä¶ something
90,Old-World Scaling to 120 A discussion!,"I know this a long shot, but am I the only one that thinks going back to do Razorfen Kraul or Diremaul for some 120 loot about equal to the current dungeon content would be epic?I want to hear opinions on how a change like this could be beneficial and negative to the game if we‚Äôre moving toward the future lets go full circle, right now leveling is dead! Give us some truly new epic things to do in the old world! Let us go back adventuring with friends to make some obsecure build. Even if it‚Äôs just some sort of trial! Some unique server type! I think that something like that could be amazing!Obviously old-loot would have to be balanced so it‚Äôs 120 scaling wasn‚Äôt broken! But, still this game can be so much more than just this centralized roller-coaster of expansion to expansion! This world we play in is so much larger than being max level and re-running the same WQ and Mythic+ over and over! I think it‚Äôs high time we started thinking outside the box!"
91,This got to Stop!,I will not want to join up with alliance. I did not do it in MOP and i will not do it here. I left legion when it became so obvious that we going to be following alliance around like little puppy dogs. That I bailed as soon  as the written on the wall hit me. Sorry not following alliance. I am Horde. Not alliance.It is bad enough you killed off Vol‚Äôjin in WOD and Legion. It was really no surprise that he was knife in back. He really did nothing in wod. He is going be rusty after all that time.Then you gave us a war chief that might be interesting. In legion. At first she look interesting. Then poof she gone. Guess what you did it again in BFA. What wrong with you guys. How can she be the bad guy if she not around at all. We only see her for just a few hours that it. What the heck is wrong with that? ‚ÄúPlentiful‚ÄùNow you you want me to team up with Genn and Jaina. Both who attacked the horde. Like all is forgiven. No way. I did raid to see end. I will not do quest with Genn. He is enemy number 1 in my book. He killed fellow orcs. Then hunted down survivors. Nope he get it from me one day.Stop with this force stuff already. I will not save Baine. I will not help Thrall or Suarfang. They all are treasonous  bunch with no sense of honor. True orcs challenge her and not sneak about. That is not the Honorable orc heritage way. Put this twisted story back on tracks. Stop with the lovey dovey stuff. The story bad enough with only two plot lines. What now there is only be the big bad plot line. That want get boring at all.  
92,Still not enough Alliance in Warmode,Please up the reward to 100%.I tried War mode today due to the increased bonus. I have been trying to do this quest for last 30 mins to kill a single mob for champions of Azzeroth. There is non stop stream of 10 Horde and NO alliance.Im gonna turn WM off again. 30% More azerite is not worth 30 mins wait to kill a single mob.
93,Hottest Warcraft Female Character ever,Title said it all. What‚Äôs your favorite Hottest Warcraft Female Character Ever.Mine would be:1: Jaina Proudmoore.2: Valeera Sanguinar.3: Alleria Windrunner.4: Shandris Feathermoon.5: Alexstrasza6: Thalryssa.7: Sally Whitemane.8: Vaneesa Vancleef.9: Vereesa Windrunner.10: Taelia.What are your favorites down in the comment section.
94,100% pure paladin beef,Let‚Äôs see if I can do that as well as a human paladin.Behold my beefy chest! Look upon greatness and bow before your superior.
95,Do you miss buying gear from vendors?,I miss vendors. I miss how hard it was to get gear and how it rewarding it felt to finally collect enough currency to buy that one piece of gear you wanted.Do you guys like the loot lottery system that‚Äôs in the game right now or would you rather have vendors back?I miss rings having main stats on them.I also miss pvp gear having resilience and giving an edge in pvp. I‚Äôm sure a lot of you will say versatility is the same thing and maybe you‚Äôre right idk. But pvp doesn‚Äôt feel the  best to me right now.It feels to me that the carrot on a stick that was gear is no longer there due to how easy it is to obtain pve gear and how hard it is to obtain the pvp gear you want. I feel like the only grinds in the game right now is AP which feels really bad because you can only do one specific thing to efficently farm it and extremely small rep gains from doing the world quests and the vendor rewards are the only carrot on a stick now.I haven‚Äôt bothered hitting exalted for any faction and rep grinds are the worst thing in the game to me and has been bundled with world quests which I cannot seem to force myself to do and seem to loathe. I think I prefer doing group content in a MMO and world quests is a strictly solo thing. I think this is the same reason I hate gearing my alts right now.I can easily get geared out in no time but essences are a time gated grind and most things are locked behind rep walls where the rep you get from doing the quests and zones are limited each day.There‚Äôs no alternative path to getting that rep like say running the dungeon in mechagon and getting rep for the rustbolt resistance or do the EP to get ankoan/unshackled rep. It feels like the worst way to time gate progress/rewards.I wish there was pve group content you could do to get rep outside of the boring world quest system.
96,Why bother raiding?,"Last night, I finally had an evening free to do a little raiding. Got 4 bosses down in EP normal, not a huge feat but it was the first time I‚Äôd gotten to raid in years. I thoroughly enjoyed it.I even got myself a swanky new 415 weapon, thanks to judicious use of my re-roll tokens. I was pretty satisfied with myself, my guild, and my new weapon.Then this morning I got the Zandalar emissary that gave me a 415 weapon for 20 minutes of solo work. Not even 12 hours later my latest spoil was spoiled by an emissary quest.If the rewards from raiding are this pointless, why do it? Is this why my guild has a tough time mustering? Have that many people just given up on raiding?I had a great time raiding in MoP and Legion, but this makes me feel like a fool who went raiding and spent resources on reroll tokens when I could have been doing literally anything else.What‚Äôs the reasoning here? Is there any?"
97,RP community is awesome,"I don‚Äôt RP in game, but I have started following some RPer‚Äôs on twitter. And man, it is pretty fun to get involved with and follow what everyone is doing in Azeroth. You all are awesome! Just wanted to share with others if you‚Äôre looking for something different in game, Just create a twitter and link your wow account to share what you‚Äôre up to. That is all."
98,Give us Draenei Rogues for once and all,"I‚Äôm not asking for Draenei Druids, or Draenei Warlocks, or Draenei Demon Hunter. I‚Äôm asking for something that apparently don‚Äôt involve magic, and if there are some magic in the path of the Rogue i‚Äôm pretty sure that Draeneis can wield it.Also i‚Äôm not asking for something that is not part of the lore. The Rangari have rogues, and Mishka is a Draenei Rogue who is part of the SI:7.You can‚Äôt tell me also that Draeneis are too big for being rogues, orcs and trolls are rogues and are equally big or more.Also Draenei Rogues will give a new flavor to the rogue class from a lore perspective, because let be honest, rogues in more races are the scum of their society. But a Draenei never will be a scum bag.Let‚Äôs get in mind that when Cataclysm was launched with all the new class-race combos introduced, the Draenei was the ONLY race who get nothing. You are in debt with the Draenei.In legion Gnome Hunters were introduced, without making a masive inpunt of new class-race combos. They can do the same for Draenei Rogues, right?Thanks for reading, and please don‚Äôt make any clip-clop joke, or hoof noises jokes in your reply, there were fun long time ago, but now it‚Äôs geting old."
99,What‚Äôs your ilvl?,"‚Ä¶Said no-one in vanilla ever, cant wait! "
